ElementName,FamilyName,CategoryName,ItemName,MinX,MinY,MinZ,MaxX,MaxY,MaxZ,Length,Depth,Height,Volume,Surface
∅1000三重管高压旋喷桩止水(5根)搭接不小于400mm，桩底埋深18m,混凝土-圆形-柱,结构柱,三轴高压旋喷桩止水帷幕,1944.4985877408994,80.6905929246416,-45.93175853018373,1947.7794276359127,83.9714328196547,58.585958005249346,3.280839895013287,3.280839895013088,104.51771653543307,1125.019337746506,1393.1513974139334
∅1000三重管高压旋喷桩止水(5根)搭接不小于400mm，桩底埋深18m,混凝土-圆形-柱,结构柱,三轴高压旋喷桩止水帷幕,1944.4985877408994,80.6905929246416,-45.93175853018373,1947.7794276359127,83.9714328196547,58.585958005249346,3.280839895013287,3.280839895013088,104.51771653543307,1125.019337746506,1393.1513974139334
∅1000三重管高压旋喷桩止水(5根)搭接不小于400mm，桩底埋深18m,混凝土-圆形-柱,结构柱,三轴高压旋喷桩止水帷幕,1944.4985877408994,80.6905929246416,-45.93175853018373,1947.7794276359127,83.9714328196547,58.585958005249346,3.280839895013287,3.280839895013088,104.51771653543307,1125.019337746506,1393.1513974139334
∅1000三重管高压旋喷桩止水(5根)搭接不小于400mm，桩底埋深18m,混凝土-圆形-柱,结构柱,三轴高压旋喷桩止水帷幕,1944.4985877408994,80.6905929246416,-45.93175853018373,1947.7794276359127,83.9714328196547,58.585958005249346,3.280839895013287,3.280839895013088,104.51771653543307,1125.019337746506,1393.1513974139334
∅1000三重管高压旋喷桩止水(5根)搭接不小于400mm，桩底埋深18m,混凝土-圆形-柱,结构柱,三轴高压旋喷桩止水帷幕,1944.4985877408994,80.6905929246416,-45.93175853018373,1947.7794276359127,83.9714328196547,58.585958005249346,3.280839895013287,3.280839895013088,104.51771653543307,1125.019337746506,1393.1513974139334
∅1000三重管高压旋喷桩止水(5根)搭接不小于400mm，桩底埋深18m,混凝土-圆形-柱,结构柱,三轴高压旋喷桩止水帷幕,1944.4985877408994,80.6905929246416,-45.93175853018373,1947.7794276359127,83.9714328196547,58.585958005249346,3.280839895013287,3.280839895013088,104.51771653543307,1125.019337746506,1393.1513974139334
∅1000三重管高压旋喷桩止水(5根)搭接不小于400mm，桩底埋深18m,混凝土-圆形-柱,结构柱,三轴高压旋喷桩止水帷幕,1944.4985877408994,80.6905929246416,-45.93175853018373,1947.7794276359127,83.9714328196547,58.585958005249346,3.280839895013287,3.280839895013088,104.51771653543307,1125.019337746506,1393.1513974139334
∅1000三重管高压旋喷桩止水(5根)搭接不小于400mm，桩底埋深18m,混凝土-圆形-柱,结构柱,三轴高压旋喷桩止水帷幕,1944.4985877408994,80.6905929246416,-45.93175853018373,1947.7794276359127,83.9714328196547,58.585958005249346,3.280839895013287,3.280839895013088,104.51771653543307,1125.019337746506,1393.1513974139334
∅1000三重管高压旋喷桩止水(5根)搭接不小于400mm，桩底埋深18m,混凝土-圆形-柱,结构柱,三轴高压旋喷桩止水帷幕,1944.4985877408994,80.6905929246416,-45.93175853018373,1947.7794276359127,83.9714328196547,58.585958005249346,3.280839895013287,3.280839895013088,104.51771653543307,1125.019337746506,1393.1513974139334
∅1000三重管高压旋喷桩止水(5根)搭接不小于400mm，桩底埋深18m,混凝土-圆形-柱,结构柱,三轴高压旋喷桩止水帷幕,1944.4985877408994,80.6905929246416,-45.93175853018373,1947.7794276359127,83.9714328196547,58.585958005249346,3.280839895013287,3.280839895013088,104.51771653543307,1125.019337746506,1393.1513974139334
∅800@950 A型钻孔灌注桩，桩底埋深22m,混凝土-圆形-柱,结构柱,钻孔灌注桩,1939.895402263739,77.82198000448643,-59.05511811023622,1942.5200741797494,80.4466519204969,66.45997375328085,2.6246719160103567,2.6246719160104703,125.51509186351707,864.6612510488968,1331.521551931949
∅800@950 A型钻孔灌注桩，桩底埋深22m,混凝土-圆形-柱,结构柱,钻孔灌注桩,1939.895402263739,77.82198000448643,-59.05511811023622,1942.5200741797494,80.4466519204969,66.45997375328085,2.6246719160103567,2.6246719160104703,125.51509186351707,864.6612510488968,1331.521551931949
∅800@950 A型钻孔灌注桩，桩底埋深22m,混凝土-圆形-柱,结构柱,钻孔灌注桩,1939.895402263739,77.82198000448643,-59.05511811023622,1942.5200741797494,80.4466519204969,66.45997375328085,2.6246719160103567,2.6246719160104703,125.51509186351707,864.6612510488968,1331.521551931949
∅800@950 A型钻孔灌注桩，桩底埋深22m,混凝土-圆形-柱,结构柱,钻孔灌注桩,1939.895402263739,77.82198000448643,-59.05511811023622,1942.5200741797494,80.4466519204969,66.45997375328085,2.6246719160103567,2.6246719160104703,125.51509186351707,864.6612510488968,1331.521551931949
∅800@950 A型钻孔灌注桩，桩底埋深22m,混凝土-圆形-柱,结构柱,钻孔灌注桩,1939.895402263739,77.82198000448643,-59.05511811023622,1942.5200741797494,80.4466519204969,66.45997375328085,2.6246719160103567,2.6246719160104703,125.51509186351707,864.6612510488968,1331.521551931949
∅800@950 A型钻孔灌注桩，桩底埋深22m,混凝土-圆形-柱,结构柱,钻孔灌注桩,1939.895402263739,77.82198000448643,-59.05511811023622,1942.5200741797494,80.4466519204969,66.45997375328085,2.6246719160103567,2.6246719160104703,125.51509186351707,864.6612510488968,1331.521551931949
∅800@950 A型钻孔灌注桩，桩底埋深22m,混凝土-圆形-柱,结构柱,钻孔灌注桩,1939.895402263739,77.82198000448643,-59.05511811023622,1942.5200741797494,80.4466519204969,66.45997375328085,2.6246719160103567,2.6246719160104703,125.51509186351707,864.6612510488968,1331.521551931949
∅800@950 A型钻孔灌注桩，桩底埋深22m,混凝土-圆形-柱,结构柱,钻孔灌注桩,1939.895402263739,77.82198000448643,-59.05511811023622,1942.5200741797494,80.4466519204969,66.45997375328085,2.6246719160103567,2.6246719160104703,125.51509186351707,864.6612510488968,1331.521551931949
∅800@950 A型钻孔灌注桩，桩底埋深22m,混凝土-圆形-柱,结构柱,钻孔灌注桩,1939.895402263739,77.82198000448643,-59.05511811023622,1942.5200741797494,80.4466519204969,66.45997375328085,2.6246719160103567,2.6246719160104703,125.51509186351707,864.6612510488968,1331.521551931949
∅800@950 A型钻孔灌注桩，桩底埋深22m,混凝土-圆形-柱,结构柱,钻孔灌注桩,1939.895402263739,77.82198000448643,-59.05511811023622,1942.5200741797494,80.4466519204969,66.45997375328085,2.6246719160103567,2.6246719160104703,125.51509186351707,864.6612510488968,1331.521551931949
∅800@950 A型钻孔灌注桩，桩底埋深22m,混凝土-圆形-柱,结构柱,钻孔灌注桩,1939.895402263739,77.82198000448643,-59.05511811023622,1942.5200741797494,80.4466519204969,66.45997375328085,2.6246719160103567,2.6246719160104703,125.51509186351707,864.6612510488968,1331.521551931949
∅800@950 A型钻孔灌注桩，桩底埋深22m,混凝土-圆形-柱,结构柱,钻孔灌注桩,1939.895402263739,77.82198000448643,-59.05511811023622,1942.5200741797494,80.4466519204969,66.45997375328085,2.6246719160103567,2.6246719160104703,125.51509186351707,864.6612510488968,1331.521551931949
∅800@950 A型钻孔灌注桩，桩底埋深22m,混凝土-圆形-柱,结构柱,钻孔灌注桩,1939.895402263739,77.82198000448643,-59.05511811023622,1942.5200741797494,80.4466519204969,66.45997375328085,2.6246719160103567,2.6246719160104703,125.51509186351707,864.6612510488968,1331.521551931949
∅800@950 A型钻孔灌注桩，桩底埋深22m,混凝土-圆形-柱,结构柱,钻孔灌注桩,1939.895402263739,77.82198000448643,-59.05511811023622,1942.5200741797494,80.4466519204969,66.45997375328085,2.6246719160103567,2.6246719160104703,125.51509186351707,864.6612510488968,1331.521551931949
∅800@950 A型钻孔灌注桩，桩底埋深22m,混凝土-圆形-柱,结构柱,钻孔灌注桩,1939.895402263739,77.82198000448643,-59.05511811023622,1942.5200741797494,80.4466519204969,66.45997375328085,2.6246719160103567,2.6246719160104703,125.51509186351707,864.6612510488968,1331.521551931949
∅800@950 A型钻孔灌注桩，桩底埋深22m,混凝土-圆形-柱,结构柱,钻孔灌注桩,1939.895402263739,77.82198000448643,-59.05511811023622,1942.5200741797494,80.4466519204969,66.45997375328085,2.6246719160103567,2.6246719160104703,125.51509186351707,864.6612510488968,1331.521551931949
∅800@950 A型钻孔灌注桩，桩底埋深22m,混凝土-圆形-柱,结构柱,钻孔灌注桩,1939.895402263739,77.82198000448643,-59.05511811023622,1942.5200741797494,80.4466519204969,66.45997375328085,2.6246719160103567,2.6246719160104703,125.51509186351707,864.6612510488968,1331.521551931949
∅800@950 A型钻孔灌注桩，桩底埋深22m,混凝土-圆形-柱,结构柱,钻孔灌注桩,1939.895402263739,77.82198000448643,-59.05511811023622,1942.5200741797494,80.4466519204969,66.45997375328085,2.6246719160103567,2.6246719160104703,125.51509186351707,864.6612510488968,1331.521551931949
∅800@950 A型钻孔灌注桩，桩底埋深22m,混凝土-圆形-柱,结构柱,钻孔灌注桩,1939.895402263739,77.82198000448643,-59.05511811023622,1942.5200741797494,80.4466519204969,66.45997375328085,2.6246719160103567,2.6246719160104703,125.51509186351707,864.6612510488968,1331.521551931949
∅800@950 A型钻孔灌注桩，桩底埋深22m,混凝土-圆形-柱,结构柱,钻孔灌注桩,1939.895402263739,77.82198000448643,-59.05511811023622,1942.5200741797494,80.4466519204969,66.45997375328085,2.6246719160103567,2.6246719160104703,125.51509186351707,864.6612510488968,1331.521551931949
∅800@950 A型钻孔灌注桩，桩底埋深22m,混凝土-圆形-柱,结构柱,钻孔灌注桩,1939.895402263739,77.82198000448643,-59.05511811023622,1942.5200741797494,80.4466519204969,66.45997375328085,2.6246719160103567,2.6246719160104703,125.51509186351707,864.6612510488968,1331.521551931949
∅800@950 A型钻孔灌注桩，桩底埋深22m,混凝土-圆形-柱,结构柱,钻孔灌注桩,1939.895402263739,77.82198000448643,-59.05511811023622,1942.5200741797494,80.4466519204969,66.45997375328085,2.6246719160103567,2.6246719160104703,125.51509186351707,864.6612510488968,1331.521551931949
∅800@950 A型钻孔灌注桩，桩底埋深22m,混凝土-圆形-柱,结构柱,钻孔灌注桩,1939.895402263739,77.82198000448643,-59.05511811023622,1942.5200741797494,80.4466519204969,66.45997375328085,2.6246719160103567,2.6246719160104703,125.51509186351707,864.6612510488968,1331.521551931949
∅800@950 A型钻孔灌注桩，桩底埋深22m,混凝土-圆形-柱,结构柱,钻孔灌注桩,1939.895402263739,77.82198000448643,-59.05511811023622,1942.5200741797494,80.4466519204969,66.45997375328085,2.6246719160103567,2.6246719160104703,125.51509186351707,864.6612510488968,1331.521551931949
∅800@950 A型钻孔灌注桩，桩底埋深22m,混凝土-圆形-柱,结构柱,钻孔灌注桩,1939.895402263739,77.82198000448643,-59.05511811023622,1942.5200741797494,80.4466519204969,66.45997375328085,2.6246719160103567,2.6246719160104703,125.51509186351707,864.6612510488968,1331.521551931949
∅800@950 A型钻孔灌注桩，桩底埋深22m,混凝土-圆形-柱,结构柱,钻孔灌注桩,1939.895402263739,77.82198000448643,-59.05511811023622,1942.5200741797494,80.4466519204969,66.45997375328085,2.6246719160103567,2.6246719160104703,125.51509186351707,864.6612510488968,1331.521551931949
∅800@950 A型钻孔灌注桩，桩底埋深22m,混凝土-圆形-柱,结构柱,钻孔灌注桩,1939.895402263739,77.82198000448643,-59.05511811023622,1942.5200741797494,80.4466519204969,66.45997375328085,2.6246719160103567,2.6246719160104703,125.51509186351707,864.6612510488968,1331.521551931949
∅800@950 A型钻孔灌注桩，桩底埋深22m,混凝土-圆形-柱,结构柱,钻孔灌注桩,1939.895402263739,77.82198000448643,-59.05511811023622,1942.5200741797494,80.4466519204969,66.45997375328085,2.6246719160103567,2.6246719160104703,125.51509186351707,864.6612510488968,1331.521551931949
∅800@950 A型钻孔灌注桩，桩底埋深22m,混凝土-圆形-柱,结构柱,钻孔灌注桩,1939.895402263739,77.82198000448643,-59.05511811023622,1942.5200741797494,80.4466519204969,66.45997375328085,2.6246719160103567,2.6246719160104703,125.51509186351707,864.6612510488968,1331.521551931949
∅800@950 A型钻孔灌注桩，桩底埋深22m,混凝土-圆形-柱,结构柱,钻孔灌注桩,1939.895402263739,77.82198000448643,-59.05511811023622,1942.5200741797494,80.4466519204969,66.45997375328085,2.6246719160103567,2.6246719160104703,125.51509186351707,864.6612510488968,1331.521551931949
∅800@950 A型钻孔灌注桩，桩底埋深22m,混凝土-圆形-柱,结构柱,钻孔灌注桩,1939.895402263739,77.82198000448643,-59.05511811023622,1942.5200741797494,80.4466519204969,66.45997375328085,2.6246719160103567,2.6246719160104703,125.51509186351707,864.6612510488968,1331.521551931949
∅800@950 A型钻孔灌注桩，桩底埋深22m,混凝土-圆形-柱,结构柱,钻孔灌注桩,1939.895402263739,77.82198000448643,-59.05511811023622,1942.5200741797494,80.4466519204969,66.45997375328085,2.6246719160103567,2.6246719160104703,125.51509186351707,864.6612510488968,1331.521551931949
∅800@950 A型钻孔灌注桩，桩底埋深22m,混凝土-圆形-柱,结构柱,钻孔灌注桩,1939.895402263739,77.82198000448643,-59.05511811023622,1942.5200741797494,80.4466519204969,66.45997375328085,2.6246719160103567,2.6246719160104703,125.51509186351707,864.6612510488968,1331.521551931949
∅800@950 A型钻孔灌注桩，桩底埋深22m,混凝土-圆形-柱,结构柱,钻孔灌注桩,1939.895402263739,77.82198000448643,-59.05511811023622,1942.5200741797494,80.4466519204969,66.45997375328085,2.6246719160103567,2.6246719160104703,125.51509186351707,864.6612510488968,1331.521551931949
∅800@950 A型钻孔灌注桩，桩底埋深22m,混凝土-圆形-柱,结构柱,钻孔灌注桩,1939.895402263739,77.82198000448643,-59.05511811023622,1942.5200741797494,80.4466519204969,66.45997375328085,2.6246719160103567,2.6246719160104703,125.51509186351707,864.6612510488968,1331.521551931949
∅800@950 A型钻孔灌注桩，桩底埋深22m,混凝土-圆形-柱,结构柱,钻孔灌注桩,1939.895402263739,77.82198000448643,-59.05511811023622,1942.5200741797494,80.4466519204969,66.45997375328085,2.6246719160103567,2.6246719160104703,125.51509186351707,864.6612510488968,1331.521551931949
∅800@950 A型钻孔灌注桩，桩底埋深22m,混凝土-圆形-柱,结构柱,钻孔灌注桩,1939.895402263739,77.82198000448643,-59.05511811023622,1942.5200741797494,80.4466519204969,66.45997375328085,2.6246719160103567,2.6246719160104703,125.51509186351707,864.6612510488968,1331.521551931949
∅800@950 A型钻孔灌注桩，桩底埋深22m,混凝土-圆形-柱,结构柱,钻孔灌注桩,1939.895402263739,77.82198000448643,-59.05511811023622,1942.5200741797494,80.4466519204969,66.45997375328085,2.6246719160103567,2.6246719160104703,125.51509186351707,864.6612510488968,1331.521551931949
∅800@950 A型钻孔灌注桩，桩底埋深22m,混凝土-圆形-柱,结构柱,钻孔灌注桩,1939.895402263739,77.82198000448643,-59.05511811023622,1942.5200741797494,80.4466519204969,66.45997375328085,2.6246719160103567,2.6246719160104703,125.51509186351707,864.6612510488968,1331.521551931949
∅800@950 A型钻孔灌注桩，桩底埋深22m,混凝土-圆形-柱,结构柱,钻孔灌注桩,1939.895402263739,77.82198000448643,-59.05511811023622,1942.5200741797494,80.4466519204969,66.45997375328085,2.6246719160103567,2.6246719160104703,125.51509186351707,864.6612510488968,1331.521551931949
∅800@950 A型钻孔灌注桩，桩底埋深22m,混凝土-圆形-柱,结构柱,钻孔灌注桩,1939.895402263739,77.82198000448643,-59.05511811023622,1942.5200741797494,80.4466519204969,66.45997375328085,2.6246719160103567,2.6246719160104703,125.51509186351707,864.6612510488968,1331.521551931949
∅800@950 A型钻孔灌注桩，桩底埋深22m,混凝土-圆形-柱,结构柱,钻孔灌注桩,1939.895402263739,77.82198000448643,-59.05511811023622,1942.5200741797494,80.4466519204969,66.45997375328085,2.6246719160103567,2.6246719160104703,125.51509186351707,864.6612510488968,1331.521551931949
∅800@950 A型钻孔灌注桩，桩底埋深22m,混凝土-圆形-柱,结构柱,钻孔灌注桩,1939.895402263739,77.82198000448643,-59.05511811023622,1942.5200741797494,80.4466519204969,66.45997375328085,2.6246719160103567,2.6246719160104703,125.51509186351707,864.6612510488968,1331.521551931949
∅800@950 A型钻孔灌注桩，桩底埋深22m,混凝土-圆形-柱,结构柱,钻孔灌注桩,1939.895402263739,77.82198000448643,-59.05511811023622,1942.5200741797494,80.4466519204969,66.45997375328085,2.6246719160103567,2.6246719160104703,125.51509186351707,864.6612510488968,1331.521551931949
∅800@950 A型钻孔灌注桩，桩底埋深22m,混凝土-圆形-柱,结构柱,钻孔灌注桩,1939.895402263739,77.82198000448643,-59.05511811023622,1942.5200741797494,80.4466519204969,66.45997375328085,2.6246719160103567,2.6246719160104703,125.51509186351707,864.6612510488968,1331.521551931949
∅800@950 A型钻孔灌注桩，桩底埋深22m,混凝土-圆形-柱,结构柱,钻孔灌注桩,1939.895402263739,77.82198000448643,-59.05511811023622,1942.5200741797494,80.4466519204969,66.45997375328085,2.6246719160103567,2.6246719160104703,125.51509186351707,864.6612510488968,1331.521551931949
∅800@950 A型钻孔灌注桩，桩底埋深22m,混凝土-圆形-柱,结构柱,钻孔灌注桩,1939.895402263739,77.82198000448643,-59.05511811023622,1942.5200741797494,80.4466519204969,66.45997375328085,2.6246719160103567,2.6246719160104703,125.51509186351707,864.6612510488968,1331.521551931949
∅800@950 A型钻孔灌注桩，桩底埋深22m,混凝土-圆形-柱,结构柱,钻孔灌注桩,1939.895402263739,77.82198000448643,-59.05511811023622,1942.5200741797494,80.4466519204969,66.45997375328085,2.6246719160103567,2.6246719160104703,125.51509186351707,864.6612510488968,1331.521551931949
∅800@950 A型钻孔灌注桩，桩底埋深22m,混凝土-圆形-柱,结构柱,钻孔灌注桩,1939.895402263739,77.82198000448643,-59.05511811023622,1942.5200741797494,80.4466519204969,66.45997375328085,2.6246719160103567,2.6246719160104703,125.51509186351707,864.6612510488968,1331.521551931949
∅800@950 A型钻孔灌注桩，桩底埋深22m,混凝土-圆形-柱,结构柱,钻孔灌注桩,1939.895402263739,77.82198000448643,-59.05511811023622,1942.5200741797494,80.4466519204969,66.45997375328085,2.6246719160103567,2.6246719160104703,125.51509186351707,864.6612510488968,1331.521551931949
∅800@950 A型钻孔灌注桩，桩底埋深22m,混凝土-圆形-柱,结构柱,钻孔灌注桩,1939.895402263739,77.82198000448643,-59.05511811023622,1942.5200741797494,80.4466519204969,66.45997375328085,2.6246719160103567,2.6246719160104703,125.51509186351707,864.6612510488968,1331.521551931949
∅800@950 A型钻孔灌注桩，桩底埋深22m,混凝土-圆形-柱,结构柱,钻孔灌注桩,1939.895402263739,77.82198000448643,-59.05511811023622,1942.5200741797494,80.4466519204969,66.45997375328085,2.6246719160103567,2.6246719160104703,125.51509186351707,864.6612510488968,1331.521551931949
∅800@950 A型钻孔灌注桩，桩底埋深22m,混凝土-圆形-柱,结构柱,钻孔灌注桩,1939.895402263739,77.82198000448643,-59.05511811023622,1942.5200741797494,80.4466519204969,66.45997375328085,2.6246719160103567,2.6246719160104703,125.51509186351707,864.6612510488968,1331.521551931949
∅800@950 A型钻孔灌注桩，桩底埋深22m,混凝土-圆形-柱,结构柱,钻孔灌注桩,1939.895402263739,77.82198000448643,-59.05511811023622,1942.5200741797494,80.4466519204969,66.45997375328085,2.6246719160103567,2.6246719160104703,125.51509186351707,864.6612510488968,1331.521551931949
∅800@950 A型钻孔灌注桩，桩底埋深22m,混凝土-圆形-柱,结构柱,钻孔灌注桩,1939.895402263739,77.82198000448643,-59.05511811023622,1942.5200741797494,80.4466519204969,66.45997375328085,2.6246719160103567,2.6246719160104703,125.51509186351707,864.6612510488968,1331.521551931949
∅800@950 A型钻孔灌注桩，桩底埋深22m,混凝土-圆形-柱,结构柱,钻孔灌注桩,1939.895402263739,77.82198000448643,-59.05511811023622,1942.5200741797494,80.4466519204969,66.45997375328085,2.6246719160103567,2.6246719160104703,125.51509186351707,864.6612510488968,1331.521551931949
∅800@950 A型钻孔灌注桩，桩底埋深22m,混凝土-圆形-柱,结构柱,钻孔灌注桩,1939.895402263739,77.82198000448643,-59.05511811023622,1942.5200741797494,80.4466519204969,66.45997375328085,2.6246719160103567,2.6246719160104703,125.51509186351707,864.6612510488968,1331.521551931949
∅800@950 A型钻孔灌注桩，桩底埋深22m,混凝土-圆形-柱,结构柱,钻孔灌注桩,1939.895402263739,77.82198000448643,-59.05511811023622,1942.5200741797494,80.4466519204969,66.45997375328085,2.6246719160103567,2.6246719160104703,125.51509186351707,864.6612510488968,1331.521551931949
∅800@950 A型钻孔灌注桩，桩底埋深22m,混凝土-圆形-柱,结构柱,钻孔灌注桩,1939.895402263739,77.82198000448643,-59.05511811023622,1942.5200741797494,80.4466519204969,66.45997375328085,2.6246719160103567,2.6246719160104703,125.51509186351707,864.6612510488968,1331.521551931949
∅800@950 A型钻孔灌注桩，桩底埋深22m,混凝土-圆形-柱,结构柱,钻孔灌注桩,1939.895402263739,77.82198000448643,-59.05511811023622,1942.5200741797494,80.4466519204969,66.45997375328085,2.6246719160103567,2.6246719160104703,125.51509186351707,864.6612510488968,1331.521551931949
∅800@950 A型钻孔灌注桩，桩底埋深22m,混凝土-圆形-柱,结构柱,钻孔灌注桩,1939.895402263739,77.82198000448643,-59.05511811023622,1942.5200741797494,80.4466519204969,66.45997375328085,2.6246719160103567,2.6246719160104703,125.51509186351707,864.6612510488968,1331.521551931949
∅800@950 A型钻孔灌注桩，桩底埋深22m,混凝土-圆形-柱,结构柱,钻孔灌注桩,1939.895402263739,77.82198000448643,-59.05511811023622,1942.5200741797494,80.4466519204969,66.45997375328085,2.6246719160103567,2.6246719160104703,125.51509186351707,864.6612510488968,1331.521551931949
∅800@950 A型钻孔灌注桩，桩底埋深22m,混凝土-圆形-柱,结构柱,钻孔灌注桩,1939.895402263739,77.82198000448643,-59.05511811023622,1942.5200741797494,80.4466519204969,66.45997375328085,2.6246719160103567,2.6246719160104703,125.51509186351707,864.6612510488968,1331.521551931949
∅800@950 A型钻孔灌注桩，桩底埋深22m,混凝土-圆形-柱,结构柱,钻孔灌注桩,1939.895402263739,77.82198000448643,-59.05511811023622,1942.5200741797494,80.4466519204969,66.45997375328085,2.6246719160103567,2.6246719160104703,125.51509186351707,864.6612510488968,1331.521551931949
∅800@950 A型钻孔灌注桩，桩底埋深22m,混凝土-圆形-柱,结构柱,钻孔灌注桩,1939.895402263739,77.82198000448643,-59.05511811023622,1942.5200741797494,80.4466519204969,66.45997375328085,2.6246719160103567,2.6246719160104703,125.51509186351707,864.6612510488968,1331.521551931949
∅800@950 A型钻孔灌注桩，桩底埋深22m,混凝土-圆形-柱,结构柱,钻孔灌注桩,1939.895402263739,77.82198000448643,-59.05511811023622,1942.5200741797494,80.4466519204969,66.45997375328085,2.6246719160103567,2.6246719160104703,125.51509186351707,864.6612510488968,1331.521551931949
∅800@950 A型钻孔灌注桩，桩底埋深22m,混凝土-圆形-柱,结构柱,钻孔灌注桩,1939.895402263739,77.82198000448643,-59.05511811023622,1942.5200741797494,80.4466519204969,66.45997375328085,2.6246719160103567,2.6246719160104703,125.51509186351707,864.6612510488968,1331.521551931949
∅800@950 A型钻孔灌注桩，桩底埋深22m,混凝土-圆形-柱,结构柱,钻孔灌注桩,1939.895402263739,77.82198000448643,-59.05511811023622,1942.5200741797494,80.4466519204969,66.45997375328085,2.6246719160103567,2.6246719160104703,125.51509186351707,864.6612510488968,1331.521551931949
∅800@950 A型钻孔灌注桩，桩底埋深22m,混凝土-圆形-柱,结构柱,钻孔灌注桩,1939.895402263739,77.82198000448643,-59.05511811023622,1942.5200741797494,80.4466519204969,66.45997375328085,2.6246719160103567,2.6246719160104703,125.51509186351707,864.6612510488968,1331.521551931949
∅800@950 A型钻孔灌注桩，桩底埋深22m,混凝土-圆形-柱,结构柱,钻孔灌注桩,1939.895402263739,77.82198000448643,-59.05511811023622,1942.5200741797494,80.4466519204969,66.45997375328085,2.6246719160103567,2.6246719160104703,125.51509186351707,864.6612510488968,1331.521551931949
∅800@950 A型钻孔灌注桩，桩底埋深22m,混凝土-圆形-柱,结构柱,钻孔灌注桩,1939.895402263739,77.82198000448643,-59.05511811023622,1942.5200741797494,80.4466519204969,66.45997375328085,2.6246719160103567,2.6246719160104703,125.51509186351707,864.6612510488968,1331.521551931949
∅800@950 A型钻孔灌注桩，桩底埋深22m,混凝土-圆形-柱,结构柱,钻孔灌注桩,1939.895402263739,77.82198000448643,-59.05511811023622,1942.5200741797494,80.4466519204969,66.45997375328085,2.6246719160103567,2.6246719160104703,125.51509186351707,864.6612510488968,1331.521551931949
∅800@950 A型钻孔灌注桩，桩底埋深22m,混凝土-圆形-柱,结构柱,钻孔灌注桩,1939.895402263739,77.82198000448643,-59.05511811023622,1942.5200741797494,80.4466519204969,66.45997375328085,2.6246719160103567,2.6246719160104703,125.51509186351707,864.6612510488968,1331.521551931949
∅800@950 A型钻孔灌注桩，桩底埋深22m,混凝土-圆形-柱,结构柱,钻孔灌注桩,1939.895402263739,77.82198000448643,-59.05511811023622,1942.5200741797494,80.4466519204969,66.45997375328085,2.6246719160103567,2.6246719160104703,125.51509186351707,864.6612510488968,1331.521551931949
∅800@950 A型钻孔灌注桩，桩底埋深22m,混凝土-圆形-柱,结构柱,钻孔灌注桩,1939.895402263739,77.82198000448643,-59.05511811023622,1942.5200741797494,80.4466519204969,66.45997375328085,2.6246719160103567,2.6246719160104703,125.51509186351707,864.6612510488968,1331.521551931949
∅800@950 A型钻孔灌注桩，桩底埋深22m,混凝土-圆形-柱,结构柱,钻孔灌注桩,1939.895402263739,77.82198000448643,-59.05511811023622,1942.5200741797494,80.4466519204969,66.45997375328085,2.6246719160103567,2.6246719160104703,125.51509186351707,864.6612510488968,1331.521551931949
∅800@950 A型钻孔灌注桩，桩底埋深22m,混凝土-圆形-柱,结构柱,钻孔灌注桩,1939.895402263739,77.82198000448643,-59.05511811023622,1942.5200741797494,80.4466519204969,66.45997375328085,2.6246719160103567,2.6246719160104703,125.51509186351707,864.6612510488968,1331.521551931949
∅800@950 A型钻孔灌注桩，桩底埋深22m,混凝土-圆形-柱,结构柱,钻孔灌注桩,1939.895402263739,77.82198000448643,-59.05511811023622,1942.5200741797494,80.4466519204969,66.45997375328085,2.6246719160103567,2.6246719160104703,125.51509186351707,864.6612510488968,1331.521551931949
∅800@950 A型钻孔灌注桩，桩底埋深22m,混凝土-圆形-柱,结构柱,钻孔灌注桩,1939.895402263739,77.82198000448643,-59.05511811023622,1942.5200741797494,80.4466519204969,66.45997375328085,2.6246719160103567,2.6246719160104703,125.51509186351707,864.6612510488968,1331.521551931949
∅800@950 A型钻孔灌注桩，桩底埋深22m,混凝土-圆形-柱,结构柱,钻孔灌注桩,1939.895402263739,77.82198000448643,-59.05511811023622,1942.5200741797494,80.4466519204969,66.45997375328085,2.6246719160103567,2.6246719160104703,125.51509186351707,864.6612510488968,1331.521551931949
∅800@950 A型钻孔灌注桩，桩底埋深22m,混凝土-圆形-柱,结构柱,钻孔灌注桩,1939.895402263739,77.82198000448643,-59.05511811023622,1942.5200741797494,80.4466519204969,66.45997375328085,2.6246719160103567,2.6246719160104703,125.51509186351707,864.6612510488968,1331.521551931949
∅800@950 A型钻孔灌注桩，桩底埋深22m,混凝土-圆形-柱,结构柱,钻孔灌注桩,1939.895402263739,77.82198000448643,-59.05511811023622,1942.5200741797494,80.4466519204969,66.45997375328085,2.6246719160103567,2.6246719160104703,125.51509186351707,864.6612510488968,1331.521551931949
∅800@950 A型钻孔灌注桩，桩底埋深22m,混凝土-圆形-柱,结构柱,钻孔灌注桩,1939.895402263739,77.82198000448643,-59.05511811023622,1942.5200741797494,80.4466519204969,66.45997375328085,2.6246719160103567,2.6246719160104703,125.51509186351707,864.6612510488968,1331.521551931949
∅800@950 A型钻孔灌注桩，桩底埋深22m,混凝土-圆形-柱,结构柱,钻孔灌注桩,1939.895402263739,77.82198000448643,-59.05511811023622,1942.5200741797494,80.4466519204969,66.45997375328085,2.6246719160103567,2.6246719160104703,125.51509186351707,864.6612510488968,1331.521551931949
∅800@950 A型钻孔灌注桩，桩底埋深22m,混凝土-圆形-柱,结构柱,钻孔灌注桩,1939.895402263739,77.82198000448643,-59.05511811023622,1942.5200741797494,80.4466519204969,66.45997375328085,2.6246719160103567,2.6246719160104703,125.51509186351707,864.6612510488968,1331.521551931949
∅800@950 A型钻孔灌注桩，桩底埋深22m,混凝土-圆形-柱,结构柱,钻孔灌注桩,1939.895402263739,77.82198000448643,-59.05511811023622,1942.5200741797494,80.4466519204969,66.45997375328085,2.6246719160103567,2.6246719160104703,125.51509186351707,864.6612510488968,1331.521551931949
∅800@950 A型钻孔灌注桩，桩底埋深22m,混凝土-圆形-柱,结构柱,钻孔灌注桩,1939.895402263739,77.82198000448643,-59.05511811023622,1942.5200741797494,80.4466519204969,66.45997375328085,2.6246719160103567,2.6246719160104703,125.51509186351707,864.6612510488968,1331.521551931949
∅800@950 A型钻孔灌注桩，桩底埋深22m,混凝土-圆形-柱,结构柱,钻孔灌注桩,1939.895402263739,77.82198000448643,-59.05511811023622,1942.5200741797494,80.4466519204969,66.45997375328085,2.6246719160103567,2.6246719160104703,125.51509186351707,864.6612510488968,1331.521551931949
∅800@950 A型钻孔灌注桩，桩底埋深22m,混凝土-圆形-柱,结构柱,钻孔灌注桩,1939.895402263739,77.82198000448643,-59.05511811023622,1942.5200741797494,80.4466519204969,66.45997375328085,2.6246719160103567,2.6246719160104703,125.51509186351707,864.6612510488968,1331.521551931949
∅800@950 A型钻孔灌注桩，桩底埋深22m,混凝土-圆形-柱,结构柱,钻孔灌注桩,1939.895402263739,77.82198000448643,-59.05511811023622,1942.5200741797494,80.4466519204969,66.45997375328085,2.6246719160103567,2.6246719160104703,125.51509186351707,864.6612510488968,1331.521551931949
∅800@950 A型钻孔灌注桩，桩底埋深22m,混凝土-圆形-柱,结构柱,钻孔灌注桩,1939.895402263739,77.82198000448643,-59.05511811023622,1942.5200741797494,80.4466519204969,66.45997375328085,2.6246719160103567,2.6246719160104703,125.51509186351707,864.6612510488968,1331.521551931949
∅800@950 A型钻孔灌注桩，桩底埋深22m,混凝土-圆形-柱,结构柱,钻孔灌注桩,1939.895402263739,77.82198000448643,-59.05511811023622,1942.5200741797494,80.4466519204969,66.45997375328085,2.6246719160103567,2.6246719160104703,125.51509186351707,864.6612510488968,1331.521551931949
∅800@950 A型钻孔灌注桩，桩底埋深22m,混凝土-圆形-柱,结构柱,钻孔灌注桩,1939.895402263739,77.82198000448643,-59.05511811023622,1942.5200741797494,80.4466519204969,66.45997375328085,2.6246719160103567,2.6246719160104703,125.51509186351707,864.6612510488968,1331.521551931949
∅800@950 A型钻孔灌注桩，桩底埋深22m,混凝土-圆形-柱,结构柱,钻孔灌注桩,1939.895402263739,77.82198000448643,-59.05511811023622,1942.5200741797494,80.4466519204969,66.45997375328085,2.6246719160103567,2.6246719160104703,125.51509186351707,864.6612510488968,1331.521551931949
∅800@950 A型钻孔灌注桩，桩底埋深22m,混凝土-圆形-柱,结构柱,钻孔灌注桩,1939.895402263739,77.82198000448643,-59.05511811023622,1942.5200741797494,80.4466519204969,66.45997375328085,2.6246719160103567,2.6246719160104703,125.51509186351707,864.6612510488968,1331.521551931949
∅800@950 A型钻孔灌注桩，桩底埋深22m,混凝土-圆形-柱,结构柱,钻孔灌注桩,1939.895402263739,77.82198000448643,-59.05511811023622,1942.5200741797494,80.4466519204969,66.45997375328085,2.6246719160103567,2.6246719160104703,125.51509186351707,864.6612510488968,1331.521551931949
∅800@950 A型钻孔灌注桩，桩底埋深22m,混凝土-圆形-柱,结构柱,钻孔灌注桩,1939.895402263739,77.82198000448643,-59.05511811023622,1942.5200741797494,80.4466519204969,66.45997375328085,2.6246719160103567,2.6246719160104703,125.51509186351707,864.6612510488968,1331.521551931949
∅800@950 A型钻孔灌注桩，桩底埋深22m,混凝土-圆形-柱,结构柱,钻孔灌注桩,1939.895402263739,77.82198000448643,-59.05511811023622,1942.5200741797494,80.4466519204969,66.45997375328085,2.6246719160103567,2.6246719160104703,125.51509186351707,864.6612510488968,1331.521551931949
∅800@950 A型钻孔灌注桩，桩底埋深22m,混凝土-圆形-柱,结构柱,钻孔灌注桩,1939.895402263739,77.82198000448643,-59.05511811023622,1942.5200741797494,80.4466519204969,66.45997375328085,2.6246719160103567,2.6246719160104703,125.51509186351707,864.6612510488968,1331.521551931949
∅800@950 A型钻孔灌注桩，桩底埋深22m,混凝土-圆形-柱,结构柱,钻孔灌注桩,1939.895402263739,77.82198000448643,-59.05511811023622,1942.5200741797494,80.4466519204969,66.45997375328085,2.6246719160103567,2.6246719160104703,125.51509186351707,864.6612510488968,1331.521551931949
∅800@950 A型钻孔灌注桩，桩底埋深22m,混凝土-圆形-柱,结构柱,钻孔灌注桩,1939.895402263739,77.82198000448643,-59.05511811023622,1942.5200741797494,80.4466519204969,66.45997375328085,2.6246719160103567,2.6246719160104703,125.51509186351707,864.6612510488968,1331.521551931949
∅800@950 A型钻孔灌注桩，桩底埋深22m,混凝土-圆形-柱,结构柱,钻孔灌注桩,1939.895402263739,77.82198000448643,-59.05511811023622,1942.5200741797494,80.4466519204969,66.45997375328085,2.6246719160103567,2.6246719160104703,125.51509186351707,864.6612510488968,1331.521551931949
∅800@950 A型钻孔灌注桩，桩底埋深22m,混凝土-圆形-柱,结构柱,钻孔灌注桩,1939.895402263739,77.82198000448643,-59.05511811023622,1942.5200741797494,80.4466519204969,66.45997375328085,2.6246719160103567,2.6246719160104703,125.51509186351707,864.6612510488968,1331.521551931949
∅800@950 A型钻孔灌注桩，桩底埋深22m,混凝土-圆形-柱,结构柱,钻孔灌注桩,1939.895402263739,77.82198000448643,-59.05511811023622,1942.5200741797494,80.4466519204969,66.45997375328085,2.6246719160103567,2.6246719160104703,125.51509186351707,864.6612510488968,1331.521551931949
∅800@950 A型钻孔灌注桩，桩底埋深22m,混凝土-圆形-柱,结构柱,钻孔灌注桩,1939.895402263739,77.82198000448643,-59.05511811023622,1942.5200741797494,80.4466519204969,66.45997375328085,2.6246719160103567,2.6246719160104703,125.51509186351707,864.6612510488968,1331.521551931949
∅800@950 A型钻孔灌注桩，桩底埋深22m,混凝土-圆形-柱,结构柱,钻孔灌注桩,1939.895402263739,77.82198000448643,-59.05511811023622,1942.5200741797494,80.4466519204969,66.45997375328085,2.6246719160103567,2.6246719160104703,125.51509186351707,864.6612510488968,1331.521551931949
∅800@950 A型钻孔灌注桩，桩底埋深22m,混凝土-圆形-柱,结构柱,钻孔灌注桩,1939.895402263739,77.82198000448643,-59.05511811023622,1942.5200741797494,80.4466519204969,66.45997375328085,2.6246719160103567,2.6246719160104703,125.51509186351707,864.6612510488968,1331.521551931949
∅800@950 A型钻孔灌注桩，桩底埋深22m,混凝土-圆形-柱,结构柱,钻孔灌注桩,1939.895402263739,77.82198000448643,-59.05511811023622,1942.5200741797494,80.4466519204969,66.45997375328085,2.6246719160103567,2.6246719160104703,125.51509186351707,864.6612510488968,1331.521551931949
∅800@950 A型钻孔灌注桩，桩底埋深22m,混凝土-圆形-柱,结构柱,钻孔灌注桩,1939.895402263739,77.82198000448643,-59.05511811023622,1942.5200741797494,80.4466519204969,66.45997375328085,2.6246719160103567,2.6246719160104703,125.51509186351707,864.6612510488968,1331.521551931949
∅800@950 A型钻孔灌注桩，桩底埋深22m,混凝土-圆形-柱,结构柱,钻孔灌注桩,1939.895402263739,77.82198000448643,-59.05511811023622,1942.5200741797494,80.4466519204969,66.45997375328085,2.6246719160103567,2.6246719160104703,125.51509186351707,864.6612510488968,1331.521551931949
∅800@950 A型钻孔灌注桩，桩底埋深22m,混凝土-圆形-柱,结构柱,钻孔灌注桩,1939.895402263739,77.82198000448643,-59.05511811023622,1942.5200741797494,80.4466519204969,66.45997375328085,2.6246719160103567,2.6246719160104703,125.51509186351707,864.6612510488968,1331.521551931949
∅800@950 A型钻孔灌注桩，桩底埋深22m,混凝土-圆形-柱,结构柱,钻孔灌注桩,1939.895402263739,77.82198000448643,-59.05511811023622,1942.5200741797494,80.4466519204969,66.45997375328085,2.6246719160103567,2.6246719160104703,125.51509186351707,864.6612510488968,1331.521551931949
∅800@950 A型钻孔灌注桩，桩底埋深22m,混凝土-圆形-柱,结构柱,钻孔灌注桩,1939.895402263739,77.82198000448643,-59.05511811023622,1942.5200741797494,80.4466519204969,66.45997375328085,2.6246719160103567,2.6246719160104703,125.51509186351707,864.6612510488968,1331.521551931949
∅800@950 A型钻孔灌注桩，桩底埋深22m,混凝土-圆形-柱,结构柱,钻孔灌注桩,1939.895402263739,77.82198000448643,-59.05511811023622,1942.5200741797494,80.4466519204969,66.45997375328085,2.6246719160103567,2.6246719160104703,125.51509186351707,864.6612510488968,1331.521551931949
∅800@950 A型钻孔灌注桩，桩底埋深22m,混凝土-圆形-柱,结构柱,钻孔灌注桩,1939.895402263739,77.82198000448643,-59.05511811023622,1942.5200741797494,80.4466519204969,66.45997375328085,2.6246719160103567,2.6246719160104703,125.51509186351707,864.6612510488968,1331.521551931949
∅800@950 A型钻孔灌注桩，桩底埋深22m,混凝土-圆形-柱,结构柱,钻孔灌注桩,1939.895402263739,77.82198000448643,-59.05511811023622,1942.5200741797494,80.4466519204969,66.45997375328085,2.6246719160103567,2.6246719160104703,125.51509186351707,864.6612510488968,1331.521551931949
∅800@950 A型钻孔灌注桩，桩底埋深22m,混凝土-圆形-柱,结构柱,钻孔灌注桩,1939.895402263739,77.82198000448643,-59.05511811023622,1942.5200741797494,80.4466519204969,66.45997375328085,2.6246719160103567,2.6246719160104703,125.51509186351707,864.6612510488968,1331.521551931949
∅800@950 A型钻孔灌注桩，桩底埋深22m,混凝土-圆形-柱,结构柱,钻孔灌注桩,1939.895402263739,77.82198000448643,-59.05511811023622,1942.5200741797494,80.4466519204969,66.45997375328085,2.6246719160103567,2.6246719160104703,125.51509186351707,864.6612510488968,1331.521551931949
∅800@950 A型钻孔灌注桩，桩底埋深22m,混凝土-圆形-柱,结构柱,钻孔灌注桩,1939.895402263739,77.82198000448643,-59.05511811023622,1942.5200741797494,80.4466519204969,66.45997375328085,2.6246719160103567,2.6246719160104703,125.51509186351707,864.6612510488968,1331.521551931949
∅800@950 A型钻孔灌注桩，桩底埋深22m,混凝土-圆形-柱,结构柱,钻孔灌注桩,1939.895402263739,77.82198000448643,-59.05511811023622,1942.5200741797494,80.4466519204969,66.45997375328085,2.6246719160103567,2.6246719160104703,125.51509186351707,864.6612510488968,1331.521551931949
∅800@950 A型钻孔灌注桩，桩底埋深22m,混凝土-圆形-柱,结构柱,钻孔灌注桩,1939.895402263739,77.82198000448643,-59.05511811023622,1942.5200741797494,80.4466519204969,66.45997375328085,2.6246719160103567,2.6246719160104703,125.51509186351707,864.6612510488968,1331.521551931949
∅800@950 A型钻孔灌注桩，桩底埋深22m,混凝土-圆形-柱,结构柱,钻孔灌注桩,1939.895402263739,77.82198000448643,-59.05511811023622,1942.5200741797494,80.4466519204969,66.45997375328085,2.6246719160103567,2.6246719160104703,125.51509186351707,864.6612510488968,1331.521551931949
∅800@950 A型钻孔灌注桩，桩底埋深22m,混凝土-圆形-柱,结构柱,钻孔灌注桩,1939.895402263739,77.82198000448643,-59.05511811023622,1942.5200741797494,80.4466519204969,66.45997375328085,2.6246719160103567,2.6246719160104703,125.51509186351707,864.6612510488968,1331.521551931949
∅800@950 A型钻孔灌注桩，桩底埋深22m,混凝土-圆形-柱,结构柱,钻孔灌注桩,1939.895402263739,77.82198000448643,-59.05511811023622,1942.5200741797494,80.4466519204969,66.45997375328085,2.6246719160103567,2.6246719160104703,125.51509186351707,864.6612510488968,1331.521551931949
∅800@950 A型钻孔灌注桩，桩底埋深22m,混凝土-圆形-柱,结构柱,钻孔灌注桩,1939.895402263739,77.82198000448643,-59.05511811023622,1942.5200741797494,80.4466519204969,66.45997375328085,2.6246719160103567,2.6246719160104703,125.51509186351707,864.6612510488968,1331.521551931949
∅800@950 A型钻孔灌注桩，桩底埋深22m,混凝土-圆形-柱,结构柱,钻孔灌注桩,1939.895402263739,77.82198000448643,-59.05511811023622,1942.5200741797494,80.4466519204969,66.45997375328085,2.6246719160103567,2.6246719160104703,125.51509186351707,864.6612510488968,1331.521551931949
∅800@950 A型钻孔灌注桩，桩底埋深22m,混凝土-圆形-柱,结构柱,钻孔灌注桩,1939.895402263739,77.82198000448643,-59.05511811023622,1942.5200741797494,80.4466519204969,66.45997375328085,2.6246719160103567,2.6246719160104703,125.51509186351707,864.6612510488968,1331.521551931949
∅800@950 A型钻孔灌注桩，桩底埋深22m,混凝土-圆形-柱,结构柱,钻孔灌注桩,1939.895402263739,77.82198000448643,-59.05511811023622,1942.5200741797494,80.4466519204969,66.45997375328085,2.6246719160103567,2.6246719160104703,125.51509186351707,864.6612510488968,1331.521551931949
∅800@950 A型钻孔灌注桩，桩底埋深22m,混凝土-圆形-柱,结构柱,钻孔灌注桩,1939.895402263739,77.82198000448643,-59.05511811023622,1942.5200741797494,80.4466519204969,66.45997375328085,2.6246719160103567,2.6246719160104703,125.51509186351707,864.6612510488968,1331.521551931949
∅800@950 A型钻孔灌注桩，桩底埋深22m,混凝土-圆形-柱,结构柱,钻孔灌注桩,1939.895402263739,77.82198000448643,-59.05511811023622,1942.5200741797494,80.4466519204969,66.45997375328085,2.6246719160103567,2.6246719160104703,125.51509186351707,864.6612510488968,1331.521551931949
∅800@950 A型钻孔灌注桩，桩底埋深22m,混凝土-圆形-柱,结构柱,钻孔灌注桩,1939.895402263739,77.82198000448643,-59.05511811023622,1942.5200741797494,80.4466519204969,66.45997375328085,2.6246719160103567,2.6246719160104703,125.51509186351707,864.6612510488968,1331.521551931949
∅800@950 A型钻孔灌注桩，桩底埋深22m,混凝土-圆形-柱,结构柱,钻孔灌注桩,1939.895402263739,77.82198000448643,-59.05511811023622,1942.5200741797494,80.4466519204969,66.45997375328085,2.6246719160103567,2.6246719160104703,125.51509186351707,864.6612510488968,1331.521551931949
∅800@950 A型钻孔灌注桩，桩底埋深22m,混凝土-圆形-柱,结构柱,钻孔灌注桩,1939.895402263739,77.82198000448643,-59.05511811023622,1942.5200741797494,80.4466519204969,66.45997375328085,2.6246719160103567,2.6246719160104703,125.51509186351707,864.6612510488968,1331.521551931949
∅800@950 A型钻孔灌注桩，桩底埋深22m,混凝土-圆形-柱,结构柱,钻孔灌注桩,1939.895402263739,77.82198000448643,-59.05511811023622,1942.5200741797494,80.4466519204969,66.45997375328085,2.6246719160103567,2.6246719160104703,125.51509186351707,864.6612510488968,1331.521551931949
∅800@950 A型钻孔灌注桩，桩底埋深22m,混凝土-圆形-柱,结构柱,钻孔灌注桩,1939.895402263739,77.82198000448643,-59.05511811023622,1942.5200741797494,80.4466519204969,66.45997375328085,2.6246719160103567,2.6246719160104703,125.51509186351707,864.6612510488968,1331.521551931949
∅800@950 A型钻孔灌注桩，桩底埋深22m,混凝土-圆形-柱,结构柱,钻孔灌注桩,1939.895402263739,77.82198000448643,-59.05511811023622,1942.5200741797494,80.4466519204969,66.45997375328085,2.6246719160103567,2.6246719160104703,125.51509186351707,864.6612510488968,1331.521551931949
∅800@950 A型钻孔灌注桩，桩底埋深22m,混凝土-圆形-柱,结构柱,钻孔灌注桩,1939.895402263739,77.82198000448643,-59.05511811023622,1942.5200741797494,80.4466519204969,66.45997375328085,2.6246719160103567,2.6246719160104703,125.51509186351707,864.6612510488968,1331.521551931949
∅800@950 A型钻孔灌注桩，桩底埋深22m,混凝土-圆形-柱,结构柱,钻孔灌注桩,1939.895402263739,77.82198000448643,-59.05511811023622,1942.5200741797494,80.4466519204969,66.45997375328085,2.6246719160103567,2.6246719160104703,125.51509186351707,864.6612510488968,1331.521551931949
∅800@950 A型钻孔灌注桩，桩底埋深22m,混凝土-圆形-柱,结构柱,钻孔灌注桩,1939.895402263739,77.82198000448643,-59.05511811023622,1942.5200741797494,80.4466519204969,66.45997375328085,2.6246719160103567,2.6246719160104703,125.51509186351707,864.6612510488968,1331.521551931949
∅800@950 A型钻孔灌注桩，桩底埋深22m,混凝土-圆形-柱,结构柱,钻孔灌注桩,1939.895402263739,77.82198000448643,-59.05511811023622,1942.5200741797494,80.4466519204969,66.45997375328085,2.6246719160103567,2.6246719160104703,125.51509186351707,864.6612510488968,1331.521551931949
∅800@950 A型钻孔灌注桩，桩底埋深22m,混凝土-圆形-柱,结构柱,钻孔灌注桩,1939.895402263739,77.82198000448643,-59.05511811023622,1942.5200741797494,80.4466519204969,66.45997375328085,2.6246719160103567,2.6246719160104703,125.51509186351707,864.6612510488968,1331.521551931949
∅800@950 A型钻孔灌注桩，桩底埋深22m,混凝土-圆形-柱,结构柱,钻孔灌注桩,1939.895402263739,77.82198000448643,-59.05511811023622,1942.5200741797494,80.4466519204969,66.45997375328085,2.6246719160103567,2.6246719160104703,125.51509186351707,864.6612510488968,1331.521551931949
∅800@950 A型钻孔灌注桩，桩底埋深22m,混凝土-圆形-柱,结构柱,钻孔灌注桩,1939.895402263739,77.82198000448643,-59.05511811023622,1942.5200741797494,80.4466519204969,66.45997375328085,2.6246719160103567,2.6246719160104703,125.51509186351707,864.6612510488968,1331.521551931949
∅800@950 A型钻孔灌注桩，桩底埋深22m,混凝土-圆形-柱,结构柱,钻孔灌注桩,1939.895402263739,77.82198000448643,-59.05511811023622,1942.5200741797494,80.4466519204969,66.45997375328085,2.6246719160103567,2.6246719160104703,125.51509186351707,864.6612510488968,1331.521551931949
∅800@950 A型钻孔灌注桩，桩底埋深22m,混凝土-圆形-柱,结构柱,钻孔灌注桩,1939.895402263739,77.82198000448643,-59.05511811023622,1942.5200741797494,80.4466519204969,66.45997375328085,2.6246719160103567,2.6246719160104703,125.51509186351707,864.6612510488968,1331.521551931949
∅800@950 A型钻孔灌注桩，桩底埋深22m,混凝土-圆形-柱,结构柱,钻孔灌注桩,1939.895402263739,77.82198000448643,-59.05511811023622,1942.5200741797494,80.4466519204969,66.45997375328085,2.6246719160103567,2.6246719160104703,125.51509186351707,864.6612510488968,1331.521551931949
∅800@950 A型钻孔灌注桩，桩底埋深22m,混凝土-圆形-柱,结构柱,钻孔灌注桩,1939.895402263739,77.82198000448643,-59.05511811023622,1942.5200741797494,80.4466519204969,66.45997375328085,2.6246719160103567,2.6246719160104703,125.51509186351707,864.6612510488968,1331.521551931949
∅800@950 A型钻孔灌注桩，桩底埋深22m,混凝土-圆形-柱,结构柱,钻孔灌注桩,1939.895402263739,77.82198000448643,-59.05511811023622,1942.5200741797494,80.4466519204969,66.45997375328085,2.6246719160103567,2.6246719160104703,125.51509186351707,864.6612510488968,1331.521551931949
∅850三轴搅拌桩止水，套打，桩底埋深18m,混凝土-圆形-柱,结构柱,三轴搅拌桩止水帷幕（套打）,1959.0978011057648,171.98048438742663,-45.93175853018373,1961.886515016526,174.75967342632313,58.585958005249346,2.788713910761089,2.7791890388965044,104.51771653543307,810.0502570239389,1179.389730645039
∅850三轴搅拌桩止水，套打，桩底埋深18m,混凝土-圆形-柱,结构柱,三轴搅拌桩止水帷幕（套打）,1959.0978011057648,171.98048438742663,-45.93175853018373,1961.886515016526,174.75967342632313,58.585958005249346,2.788713910761089,2.7791890388965044,104.51771653543307,810.0502570239389,1179.389730645039
∅850三轴搅拌桩止水，套打，桩底埋深18m,混凝土-圆形-柱,结构柱,三轴搅拌桩止水帷幕（套打）,1959.0978011057648,171.98048438742663,-45.93175853018373,1961.886515016526,174.75967342632313,58.585958005249346,2.788713910761089,2.7791890388965044,104.51771653543307,810.0502570239389,1179.389730645039
∅850三轴搅拌桩止水，套打，桩底埋深18m,混凝土-圆形-柱,结构柱,三轴搅拌桩止水帷幕（套打）,1959.0978011057648,171.98048438742663,-45.93175853018373,1961.886515016526,174.75967342632313,58.585958005249346,2.788713910761089,2.7791890388965044,104.51771653543307,810.0502570239389,1179.389730645039
∅850三轴搅拌桩止水，套打，桩底埋深18m,混凝土-圆形-柱,结构柱,三轴搅拌桩止水帷幕（套打）,1959.0978011057648,171.98048438742663,-45.93175853018373,1961.886515016526,174.75967342632313,58.585958005249346,2.788713910761089,2.7791890388965044,104.51771653543307,810.0502570239389,1179.389730645039
∅850三轴搅拌桩止水，套打，桩底埋深18m,混凝土-圆形-柱,结构柱,三轴搅拌桩止水帷幕（套打）,1959.0978011057648,171.98048438742663,-45.93175853018373,1961.886515016526,174.75967342632313,58.585958005249346,2.788713910761089,2.7791890388965044,104.51771653543307,810.0502570239389,1179.389730645039
∅850三轴搅拌桩止水，套打，桩底埋深18m,混凝土-圆形-柱,结构柱,三轴搅拌桩止水帷幕（套打）,1959.0978011057648,171.98048438742663,-45.93175853018373,1961.886515016526,174.75967342632313,58.585958005249346,2.788713910761089,2.7791890388965044,104.51771653543307,810.0502570239389,1179.389730645039
∅850三轴搅拌桩止水，套打，桩底埋深18m,混凝土-圆形-柱,结构柱,三轴搅拌桩止水帷幕（套打）,1959.0978011057648,171.98048438742663,-45.93175853018373,1961.886515016526,174.75967342632313,58.585958005249346,2.788713910761089,2.7791890388965044,104.51771653543307,810.0502570239389,1179.389730645039
300厚砼板撑,楼板,楼板,支撑、系杆、角板撑混凝土,1700.0660055269514,73.29396330097512,-5.90551181102364,1952.2574419709817,133.2541315597632,-4.921259842519703,252.1914364440304,59.96016825878809,0.984251968503937,14883.308034064492,30857.353588019872
300厚砼板撑,楼板,楼板,支撑、系杆、角板撑混凝土,1700.0660055269514,73.29396330097512,-5.90551181102364,1952.2574419709817,133.2541315597632,-4.921259842519703,252.1914364440304,59.96016825878809,0.984251968503937,14883.308034064492,30857.353588019872
300厚砼板撑,楼板,楼板,支撑、系杆、角板撑混凝土,1700.0660055269514,73.29396330097512,-5.90551181102364,1952.2574419709817,133.2541315597632,-4.921259842519703,252.1914364440304,59.96016825878809,0.984251968503937,14883.308034064492,30857.353588019872
300厚砼板撑,楼板,楼板,支撑、系杆、角板撑混凝土,1700.0660055269514,73.29396330097512,-5.90551181102364,1952.2574419709817,133.2541315597632,-4.921259842519703,252.1914364440304,59.96016825878809,0.984251968503937,14883.308034064492,30857.353588019872
300厚砼板撑,楼板,楼板,支撑、系杆、角板撑混凝土,1700.0660055269514,73.29396330097512,-5.90551181102364,1952.2574419709817,133.2541315597632,-4.921259842519703,252.1914364440304,59.96016825878809,0.984251968503937,14883.308034064492,30857.353588019872
300厚砼板撑,楼板,楼板,支撑、系杆、角板撑混凝土,1700.0660055269514,73.29396330097512,-5.90551181102364,1952.2574419709817,133.2541315597632,-4.921259842519703,252.1914364440304,59.96016825878809,0.984251968503937,14883.308034064492,30857.353588019872
BZC(600X600),混凝土-矩形梁,结构框架,支撑、系杆、角板撑混凝土,1938.1631597550545,139.65515115022802,-7.545931758530202,1956.3312675970296,148.75328088553064,-5.5774278215223205,18.168107841975143,9.09812973530262,1.9685039370078812,325.38543738436886,437.9389964190446
BZC(600X600),混凝土-矩形梁,结构框架,支撑、系杆、角板撑混凝土,1938.1631597550545,139.65515115022802,-7.545931758530202,1956.3312675970296,148.75328088553064,-5.5774278215223205,18.168107841975143,9.09812973530262,1.9685039370078812,325.38543738436886,437.9389964190446
BZC(600X600),混凝土-矩形梁,结构框架,支撑、系杆、角板撑混凝土,1938.1631597550545,139.65515115022802,-7.545931758530202,1956.3312675970296,148.75328088553064,-5.5774278215223205,18.168107841975143,9.09812973530262,1.9685039370078812,325.38543738436886,437.9389964190446
BZC(600X600),混凝土-矩形梁,结构框架,支撑、系杆、角板撑混凝土,1938.1631597550545,139.65515115022802,-7.545931758530202,1956.3312675970296,148.75328088553064,-5.5774278215223205,18.168107841975143,9.09812973530262,1.9685039370078812,325.38543738436886,437.9389964190446
BZC(600X600),混凝土-矩形梁,结构框架,支撑、系杆、角板撑混凝土,1938.1631597550545,139.65515115022802,-7.545931758530202,1956.3312675970296,148.75328088553064,-5.5774278215223205,18.168107841975143,9.09812973530262,1.9685039370078812,325.38543738436886,437.9389964190446
BZC(600X600),混凝土-矩形梁,结构框架,支撑、系杆、角板撑混凝土,1938.1631597550545,139.65515115022802,-7.545931758530202,1956.3312675970296,148.75328088553064,-5.5774278215223205,18.168107841975143,9.09812973530262,1.9685039370078812,325.38543738436886,437.9389964190446
BZC(600X600),混凝土-矩形梁,结构框架,支撑、系杆、角板撑混凝土,1938.1631597550545,139.65515115022802,-7.545931758530202,1956.3312675970296,148.75328088553064,-5.5774278215223205,18.168107841975143,9.09812973530262,1.9685039370078812,325.38543738436886,437.9389964190446
BZC(600X600),混凝土-矩形梁,结构框架,支撑、系杆、角板撑混凝土,1938.1631597550545,139.65515115022802,-7.545931758530202,1956.3312675970296,148.75328088553064,-5.5774278215223205,18.168107841975143,9.09812973530262,1.9685039370078812,325.38543738436886,437.9389964190446
ZC1(800X800),混凝土-矩形梁,结构框架,支撑、系杆、角板撑混凝土,1833.6322312174545,147.8931753148783,7.874015748031477,1857.8804193755261,175.31711556721774,10.498687664041976,24.24818815807157,27.423940252339435,2.6246719160104988,1745.3565965208381,1601.2064951074667
ZC1(800X800),混凝土-矩形梁,结构框架,支撑、系杆、角板撑混凝土,1833.6322312174545,147.8931753148783,7.874015748031477,1857.8804193755261,175.31711556721774,10.498687664041976,24.24818815807157,27.423940252339435,2.6246719160104988,1745.3565965208381,1601.2064951074667
ZC1(800X800),混凝土-矩形梁,结构框架,支撑、系杆、角板撑混凝土,1833.6322312174545,147.8931753148783,7.874015748031477,1857.8804193755261,175.31711556721774,10.498687664041976,24.24818815807157,27.423940252339435,2.6246719160104988,1745.3565965208381,1601.2064951074667
ZC1(800X800),混凝土-矩形梁,结构框架,支撑、系杆、角板撑混凝土,1833.6322312174545,147.8931753148783,7.874015748031477,1857.8804193755261,175.31711556721774,10.498687664041976,24.24818815807157,27.423940252339435,2.6246719160104988,1745.3565965208381,1601.2064951074667
ZC1(800X800),混凝土-矩形梁,结构框架,支撑、系杆、角板撑混凝土,1833.6322312174545,147.8931753148783,7.874015748031477,1857.8804193755261,175.31711556721774,10.498687664041976,24.24818815807157,27.423940252339435,2.6246719160104988,1745.3565965208381,1601.2064951074667
ZC1(800X800),混凝土-矩形梁,结构框架,支撑、系杆、角板撑混凝土,1833.6322312174545,147.8931753148783,7.874015748031477,1857.8804193755261,175.31711556721774,10.498687664041976,24.24818815807157,27.423940252339435,2.6246719160104988,1745.3565965208381,1601.2064951074667
ZC1(800X800),混凝土-矩形梁,结构框架,支撑、系杆、角板撑混凝土,1833.6322312174545,147.8931753148783,7.874015748031477,1857.8804193755261,175.31711556721774,10.498687664041976,24.24818815807157,27.423940252339435,2.6246719160104988,1745.3565965208381,1601.2064951074667
ZC1(800X800),混凝土-矩形梁,结构框架,支撑、系杆、角板撑混凝土,1833.6322312174545,147.8931753148783,7.874015748031477,1857.8804193755261,175.31711556721774,10.498687664041976,24.24818815807157,27.423940252339435,2.6246719160104988,1745.3565965208381,1601.2064951074667
ZC1(800X800),混凝土-矩形梁,结构框架,支撑、系杆、角板撑混凝土,1833.6322312174545,147.8931753148783,7.874015748031477,1857.8804193755261,175.31711556721774,10.498687664041976,24.24818815807157,27.423940252339435,2.6246719160104988,1745.3565965208381,1601.2064951074667
ZC1(800X800),混凝土-矩形梁,结构框架,支撑、系杆、角板撑混凝土,1833.6322312174545,147.8931753148783,7.874015748031477,1857.8804193755261,175.31711556721774,10.498687664041976,24.24818815807157,27.423940252339435,2.6246719160104988,1745.3565965208381,1601.2064951074667
ZC1(800X800),混凝土-矩形梁,结构框架,支撑、系杆、角板撑混凝土,1833.6322312174545,147.8931753148783,7.874015748031477,1857.8804193755261,175.31711556721774,10.498687664041976,24.24818815807157,27.423940252339435,2.6246719160104988,1745.3565965208381,1601.2064951074667
ZC1(800X800),混凝土-矩形梁,结构框架,支撑、系杆、角板撑混凝土,1833.6322312174545,147.8931753148783,7.874015748031477,1857.8804193755261,175.31711556721774,10.498687664041976,24.24818815807157,27.423940252339435,2.6246719160104988,1745.3565965208381,1601.2064951074667
ZC1(800X800),混凝土-矩形梁,结构框架,支撑、系杆、角板撑混凝土,1833.6322312174545,147.8931753148783,7.874015748031477,1857.8804193755261,175.31711556721774,10.498687664041976,24.24818815807157,27.423940252339435,2.6246719160104988,1745.3565965208381,1601.2064951074667
ZC1(800X800),ZC1(800X800),结构框架,支撑、系杆、角板撑混凝土,1767.2097563079435,106.97412452934336,7.874015748031477,1781.43071402608,116.25419304602076,10.498687664041976,14.22095771813656,9.280068516677403,2.6246719160104988,346.3817900185817,387.3078911060436
ZC2(1000X1000),混凝土-矩形梁,结构框架,支撑、系杆、角板撑混凝土,1800.883531280934,111.61411976489092,-8.202099737532826,1827.362594002715,142.9575286980228,-4.921259842519703,26.47906272178102,31.343408933131883,3.2808398950131235,2722.913684563093,2039.300725777069
ZC2(1000X1000),混凝土-矩形梁,结构框架,支撑、系杆、角板撑混凝土,1800.883531280934,111.61411976489092,-8.202099737532826,1827.362594002715,142.9575286980228,-4.921259842519703,26.47906272178102,31.343408933131883,3.2808398950131235,2722.913684563093,2039.300725777069
ZC2(1000X1000),混凝土-矩形梁,结构框架,支撑、系杆、角板撑混凝土,1800.883531280934,111.61411976489092,-8.202099737532826,1827.362594002715,142.9575286980228,-4.921259842519703,26.47906272178102,31.343408933131883,3.2808398950131235,2722.913684563093,2039.300725777069
ZC2(1000X1000),混凝土-矩形梁,结构框架,支撑、系杆、角板撑混凝土,1800.883531280934,111.61411976489092,-8.202099737532826,1827.362594002715,142.9575286980228,-4.921259842519703,26.47906272178102,31.343408933131883,3.2808398950131235,2722.913684563093,2039.300725777069
ZC2(1000X1000),混凝土-矩形梁,结构框架,支撑、系杆、角板撑混凝土,1800.883531280934,111.61411976489092,-8.202099737532826,1827.362594002715,142.9575286980228,-4.921259842519703,26.47906272178102,31.343408933131883,3.2808398950131235,2722.913684563093,2039.300725777069
ZC2(1000X1000),混凝土-矩形梁,结构框架,支撑、系杆、角板撑混凝土,1800.883531280934,111.61411976489092,-8.202099737532826,1827.362594002715,142.9575286980228,-4.921259842519703,26.47906272178102,31.343408933131883,3.2808398950131235,2722.913684563093,2039.300725777069
ZC2(1000X1000),混凝土-矩形梁,结构框架,支撑、系杆、角板撑混凝土,1800.883531280934,111.61411976489092,-8.202099737532826,1827.362594002715,142.9575286980228,-4.921259842519703,26.47906272178102,31.343408933131883,3.2808398950131235,2722.913684563093,2039.300725777069
ZC2(1000X1000),混凝土-矩形梁,结构框架,支撑、系杆、角板撑混凝土,1800.883531280934,111.61411976489092,-8.202099737532826,1827.362594002715,142.9575286980228,-4.921259842519703,26.47906272178102,31.343408933131883,3.2808398950131235,2722.913684563093,2039.300725777069
ZC2(1000X1000),混凝土-矩形梁,结构框架,支撑、系杆、角板撑混凝土,1800.883531280934,111.61411976489092,-8.202099737532826,1827.362594002715,142.9575286980228,-4.921259842519703,26.47906272178102,31.343408933131883,3.2808398950131235,2722.913684563093,2039.300725777069
ZC2(1000X1000),混凝土-矩形梁,结构框架,支撑、系杆、角板撑混凝土,1800.883531280934,111.61411976489092,-8.202099737532826,1827.362594002715,142.9575286980228,-4.921259842519703,26.47906272178102,31.343408933131883,3.2808398950131235,2722.913684563093,2039.300725777069
ZC2(1000X1000),混凝土-矩形梁,结构框架,支撑、系杆、角板撑混凝土,1800.883531280934,111.61411976489092,-8.202099737532826,1827.362594002715,142.9575286980228,-4.921259842519703,26.47906272178102,31.343408933131883,3.2808398950131235,2722.913684563093,2039.300725777069
ZC2(1000X1000),混凝土-矩形梁,结构框架,支撑、系杆、角板撑混凝土,1800.883531280934,111.61411976489092,-8.202099737532826,1827.362594002715,142.9575286980228,-4.921259842519703,26.47906272178102,31.343408933131883,3.2808398950131235,2722.913684563093,2039.300725777069
ZC2(1000X1000),混凝土-矩形梁,结构框架,支撑、系杆、角板撑混凝土,1800.883531280934,111.61411976489092,-8.202099737532826,1827.362594002715,142.9575286980228,-4.921259842519703,26.47906272178102,31.343408933131883,3.2808398950131235,2722.913684563093,2039.300725777069
顶圈梁DQL2,混凝土-矩形梁,结构框架,圈梁（围檩）混凝土,1890.7410754577336,189.98341529228423,7.874015748031477,1894.0219153527469,192.4768536124942,10.498687664041976,3.280839895013287,2.4934383202099752,2.6246719160104988,21.471317366666145,46.67231556685505
顶圈梁DQL2,混凝土-矩形梁,结构框架,圈梁（围檩）混凝土,1890.7410754577336,189.98341529228423,7.874015748031477,1894.0219153527469,192.4768536124942,10.498687664041976,3.280839895013287,2.4934383202099752,2.6246719160104988,21.471317366666145,46.67231556685505
顶圈梁DQL2,混凝土-矩形梁,结构框架,圈梁（围檩）混凝土,1890.7410754577336,189.98341529228423,7.874015748031477,1894.0219153527469,192.4768536124942,10.498687664041976,3.280839895013287,2.4934383202099752,2.6246719160104988,21.471317366666145,46.67231556685505
顶圈梁DQL2,混凝土-矩形梁,结构框架,圈梁（围檩）混凝土,1890.7410754577336,189.98341529228423,7.874015748031477,1894.0219153527469,192.4768536124942,10.498687664041976,3.280839895013287,2.4934383202099752,2.6246719160104988,21.471317366666145,46.67231556685505
顶圈梁DQL2,混凝土-矩形梁,结构框架,圈梁（围檩）混凝土,1890.7410754577336,189.98341529228423,7.874015748031477,1894.0219153527469,192.4768536124942,10.498687664041976,3.280839895013287,2.4934383202099752,2.6246719160104988,21.471317366666145,46.67231556685505
顶圈梁DQL2,混凝土-矩形梁,结构框架,圈梁（围檩）混凝土,1890.7410754577336,189.98341529228423,7.874015748031477,1894.0219153527469,192.4768536124942,10.498687664041976,3.280839895013287,2.4934383202099752,2.6246719160104988,21.471317366666145,46.67231556685505
顶圈梁DQL2,混凝土-矩形梁,结构框架,圈梁（围檩）混凝土,1890.7410754577336,189.98341529228423,7.874015748031477,1894.0219153527469,192.4768536124942,10.498687664041976,3.280839895013287,2.4934383202099752,2.6246719160104988,21.471317366666145,46.67231556685505
顶圈梁DQL2,混凝土-矩形梁,结构框架,圈梁（围檩）混凝土,1890.7410754577336,189.98341529228423,7.874015748031477,1894.0219153527469,192.4768536124942,10.498687664041976,3.280839895013287,2.4934383202099752,2.6246719160104988,21.471317366666145,46.67231556685505
顶圈梁DQL2,混凝土-矩形梁,结构框架,圈梁（围檩）混凝土,1890.7410754577336,189.98341529228423,7.874015748031477,1894.0219153527469,192.4768536124942,10.498687664041976,3.280839895013287,2.4934383202099752,2.6246719160104988,21.471317366666145,46.67231556685505
顶圈梁DQL2,混凝土-矩形梁,结构框架,圈梁（围檩）混凝土,1890.7410754577336,189.98341529228423,7.874015748031477,1894.0219153527469,192.4768536124942,10.498687664041976,3.280839895013287,2.4934383202099752,2.6246719160104988,21.471317366666145,46.67231556685505
顶圈梁DQL2,混凝土-矩形梁,结构框架,圈梁（围檩）混凝土,1890.7410754577336,189.98341529228423,7.874015748031477,1894.0219153527469,192.4768536124942,10.498687664041976,3.280839895013287,2.4934383202099752,2.6246719160104988,21.471317366666145,46.67231556685505
顶圈梁DQL2,混凝土-矩形梁,结构框架,圈梁（围檩）混凝土,1890.7410754577336,189.98341529228423,7.874015748031477,1894.0219153527469,192.4768536124942,10.498687664041976,3.280839895013287,2.4934383202099752,2.6246719160104988,21.471317366666145,46.67231556685505
顶圈梁DQL2,混凝土-矩形梁,结构框架,圈梁（围檩）混凝土,1890.7410754577336,189.98341529228423,7.874015748031477,1894.0219153527469,192.4768536124942,10.498687664041976,3.280839895013287,2.4934383202099752,2.6246719160104988,21.471317366666145,46.67231556685505
格构柱-自己（参编）,格构柱-自己（参编）,结构柱,钢格构柱,1793.7274233995536,110.7872209419358,-30.15748031496063,1795.3809667066403,112.4407642490226,39.593832020997375,1.653543307086693,1.6535433070868066,69.751312335958,190.71441961784691,466.81567363138595
格构柱-自己（参编）,格构柱-自己（参编）,结构柱,钢格构柱,1793.7274233995536,110.7872209419358,-30.15748031496063,1795.3809667066403,112.4407642490226,39.593832020997375,1.653543307086693,1.6535433070868066,69.751312335958,190.71441961784691,466.81567363138595
格构柱-自己（参编）,格构柱-自己（参编）,结构柱,钢格构柱,1793.7274233995536,110.7872209419358,-30.15748031496063,1795.3809667066403,112.4407642490226,39.593832020997375,1.653543307086693,1.6535433070868066,69.751312335958,190.71441961784691,466.81567363138595
格构柱-自己（参编）,格构柱-自己（参编）,结构柱,钢格构柱,1793.7274233995536,110.7872209419358,-30.15748031496063,1795.3809667066403,112.4407642490226,39.593832020997375,1.653543307086693,1.6535433070868066,69.751312335958,190.71441961784691,466.81567363138595
格构柱-自己（参编）,格构柱-自己（参编）,结构柱,钢格构柱,1793.7274233995536,110.7872209419358,-30.15748031496063,1795.3809667066403,112.4407642490226,39.593832020997375,1.653543307086693,1.6535433070868066,69.751312335958,190.71441961784691,466.81567363138595
格构柱-自己（参编）,格构柱-自己（参编）,结构柱,钢格构柱,1793.7274233995536,110.7872209419358,-30.15748031496063,1795.3809667066403,112.4407642490226,39.593832020997375,1.653543307086693,1.6535433070868066,69.751312335958,190.71441961784691,466.81567363138595
格构柱-自己（参编）,格构柱-自己（参编）,结构柱,钢格构柱,1793.7274233995536,110.7872209419358,-30.15748031496063,1795.3809667066403,112.4407642490226,39.593832020997375,1.653543307086693,1.6535433070868066,69.751312335958,190.71441961784691,466.81567363138595
格构柱-自己（参编）,格构柱-自己（参编）,结构柱,钢格构柱,1793.7274233995536,110.7872209419358,-30.15748031496063,1795.3809667066403,112.4407642490226,39.593832020997375,1.653543307086693,1.6535433070868066,69.751312335958,190.71441961784691,466.81567363138595
格构柱-自己（参编）,格构柱-自己（参编）,结构柱,钢格构柱,1793.7274233995536,110.7872209419358,-30.15748031496063,1795.3809667066403,112.4407642490226,39.593832020997375,1.653543307086693,1.6535433070868066,69.751312335958,190.71441961784691,466.81567363138595
格构柱-自己（参编）,格构柱-自己（参编）,结构柱,钢格构柱,1793.7274233995536,110.7872209419358,-30.15748031496063,1795.3809667066403,112.4407642490226,39.593832020997375,1.653543307086693,1.6535433070868066,69.751312335958,190.71441961784691,466.81567363138595
格构柱-自己（参编）,格构柱-自己（参编）,结构柱,钢格构柱,1793.7274233995536,110.7872209419358,-30.15748031496063,1795.3809667066403,112.4407642490226,39.593832020997375,1.653543307086693,1.6535433070868066,69.751312335958,190.71441961784691,466.81567363138595
格构柱-自己（参编）,格构柱-自己（参编）,结构柱,钢格构柱,1793.7274233995536,110.7872209419358,-30.15748031496063,1795.3809667066403,112.4407642490226,39.593832020997375,1.653543307086693,1.6535433070868066,69.751312335958,190.71441961784691,466.81567363138595
格构柱-自己（参编）,格构柱-自己（参编）,结构柱,钢格构柱,1793.7274233995536,110.7872209419358,-30.15748031496063,1795.3809667066403,112.4407642490226,39.593832020997375,1.653543307086693,1.6535433070868066,69.751312335958,190.71441961784691,466.81567363138595
格构柱-自己（参编）,格构柱-自己（参编）,结构柱,钢格构柱,1793.7274233995536,110.7872209419358,-30.15748031496063,1795.3809667066403,112.4407642490226,39.593832020997375,1.653543307086693,1.6535433070868066,69.751312335958,190.71441961784691,466.81567363138595
工程桩-800,混凝土-圆形-柱,结构柱,钻孔灌注桩工程桩,1762.6716580929,61.435536702610335,-72.83464566929133,1765.2963300089104,64.0602086186208,81.55183727034121,2.6246719160103567,2.6246719160104703,154.38648293963254,1063.5534540243075,1634.633269266485
工程桩-800,混凝土-圆形-柱,结构柱,钻孔灌注桩工程桩,1762.6716580929,61.435536702610335,-72.83464566929133,1765.2963300089104,64.0602086186208,81.55183727034121,2.6246719160103567,2.6246719160104703,154.38648293963254,1063.5534540243075,1634.633269266485
工程桩-800,混凝土-圆形-柱,结构柱,钻孔灌注桩工程桩,1762.6716580929,61.435536702610335,-72.83464566929133,1765.2963300089104,64.0602086186208,81.55183727034121,2.6246719160103567,2.6246719160104703,154.38648293963254,1063.5534540243075,1634.633269266485
工程桩-800,混凝土-圆形-柱,结构柱,钻孔灌注桩工程桩,1762.6716580929,61.435536702610335,-72.83464566929133,1765.2963300089104,64.0602086186208,81.55183727034121,2.6246719160103567,2.6246719160104703,154.38648293963254,1063.5534540243075,1634.633269266485
工程桩-800,混凝土-圆形-柱,结构柱,钻孔灌注桩工程桩,1762.6716580929,61.435536702610335,-72.83464566929133,1765.2963300089104,64.0602086186208,81.55183727034121,2.6246719160103567,2.6246719160104703,154.38648293963254,1063.5534540243075,1634.633269266485
工程桩-800,混凝土-圆形-柱,结构柱,钻孔灌注桩工程桩,1762.6716580929,61.435536702610335,-72.83464566929133,1765.2963300089104,64.0602086186208,81.55183727034121,2.6246719160103567,2.6246719160104703,154.38648293963254,1063.5534540243075,1634.633269266485
工程桩-800,混凝土-圆形-柱,结构柱,钻孔灌注桩工程桩,1762.6716580929,61.435536702610335,-72.83464566929133,1765.2963300089104,64.0602086186208,81.55183727034121,2.6246719160103567,2.6246719160104703,154.38648293963254,1063.5534540243075,1634.633269266485
工程桩-800,混凝土-圆形-柱,结构柱,钻孔灌注桩工程桩,1762.6716580929,61.435536702610335,-72.83464566929133,1765.2963300089104,64.0602086186208,81.55183727034121,2.6246719160103567,2.6246719160104703,154.38648293963254,1063.5534540243075,1634.633269266485
工程桩-800,混凝土-圆形-柱,结构柱,钻孔灌注桩工程桩,1762.6716580929,61.435536702610335,-72.83464566929133,1765.2963300089104,64.0602086186208,81.55183727034121,2.6246719160103567,2.6246719160104703,154.38648293963254,1063.5534540243075,1634.633269266485
工程桩-800,混凝土-圆形-柱,结构柱,钻孔灌注桩工程桩,1762.6716580929,61.435536702610335,-72.83464566929133,1765.2963300089104,64.0602086186208,81.55183727034121,2.6246719160103567,2.6246719160104703,154.38648293963254,1063.5534540243075,1634.633269266485
工程桩-800,混凝土-圆形-柱,结构柱,钻孔灌注桩工程桩,1762.6716580929,61.435536702610335,-72.83464566929133,1765.2963300089104,64.0602086186208,81.55183727034121,2.6246719160103567,2.6246719160104703,154.38648293963254,1063.5534540243075,1634.633269266485
立柱桩LP1,混凝土-圆形-柱,结构柱,钻孔灌注桩立柱桩,1921.1125940031427,85.02772835881639,-90.5249343832021,1923.9013079139038,87.80691739771292,-18.346456692913392,2.788713910761089,2.779189038896533,72.1784776902887,559.4094125161452,819.2662439339217
立柱桩LP1,混凝土-圆形-柱,结构柱,钻孔灌注桩立柱桩,1921.1125940031427,85.02772835881639,-90.5249343832021,1923.9013079139038,87.80691739771292,-18.346456692913392,2.788713910761089,2.779189038896533,72.1784776902887,559.4094125161452,819.2662439339217
立柱桩LP1,混凝土-圆形-柱,结构柱,钻孔灌注桩立柱桩,1921.1125940031427,85.02772835881639,-90.5249343832021,1923.9013079139038,87.80691739771292,-18.346456692913392,2.788713910761089,2.779189038896533,72.1784776902887,559.4094125161452,819.2662439339217
立柱桩LP1,混凝土-圆形-柱,结构柱,钻孔灌注桩立柱桩,1921.1125940031427,85.02772835881639,-90.5249343832021,1923.9013079139038,87.80691739771292,-18.346456692913392,2.788713910761089,2.779189038896533,72.1784776902887,559.4094125161452,819.2662439339217
立柱桩LP1,混凝土-圆形-柱,结构柱,钻孔灌注桩立柱桩,1921.1125940031427,85.02772835881639,-90.5249343832021,1923.9013079139038,87.80691739771292,-18.346456692913392,2.788713910761089,2.779189038896533,72.1784776902887,559.4094125161452,819.2662439339217
立柱桩LP1,混凝土-圆形-柱,结构柱,钻孔灌注桩立柱桩,1921.1125940031427,85.02772835881639,-90.5249343832021,1923.9013079139038,87.80691739771292,-18.346456692913392,2.788713910761089,2.779189038896533,72.1784776902887,559.4094125161452,819.2662439339217
立柱桩LP1,混凝土-圆形-柱,结构柱,钻孔灌注桩立柱桩,1921.1125940031427,85.02772835881639,-90.5249343832021,1923.9013079139038,87.80691739771292,-18.346456692913392,2.788713910761089,2.779189038896533,72.1784776902887,559.4094125161452,819.2662439339217
立柱桩LP1,混凝土-圆形-柱,结构柱,钻孔灌注桩立柱桩,1921.1125940031427,85.02772835881639,-90.5249343832021,1923.9013079139038,87.80691739771292,-18.346456692913392,2.788713910761089,2.779189038896533,72.1784776902887,559.4094125161452,819.2662439339217
立柱桩LP1,混凝土-圆形-柱,结构柱,钻孔灌注桩立柱桩,1921.1125940031427,85.02772835881639,-90.5249343832021,1923.9013079139038,87.80691739771292,-18.346456692913392,2.788713910761089,2.779189038896533,72.1784776902887,559.4094125161452,819.2662439339217
立柱桩LP1,混凝土-圆形-柱,结构柱,钻孔灌注桩立柱桩,1921.1125940031427,85.02772835881639,-90.5249343832021,1923.9013079139038,87.80691739771292,-18.346456692913392,2.788713910761089,2.779189038896533,72.1784776902887,559.4094125161452,819.2662439339217
立柱桩LP1,混凝土-圆形-柱,结构柱,钻孔灌注桩立柱桩,1921.1125940031427,85.02772835881639,-90.5249343832021,1923.9013079139038,87.80691739771292,-18.346456692913392,2.788713910761089,2.779189038896533,72.1784776902887,559.4094125161452,819.2662439339217
立柱桩LP1,混凝土-圆形-柱,结构柱,钻孔灌注桩立柱桩,1921.1125940031427,85.02772835881639,-90.5249343832021,1923.9013079139038,87.80691739771292,-18.346456692913392,2.788713910761089,2.779189038896533,72.1784776902887,559.4094125161452,819.2662439339217
立柱桩LP1,混凝土-圆形-柱,结构柱,钻孔灌注桩立柱桩,1921.1125940031427,85.02772835881639,-90.5249343832021,1923.9013079139038,87.80691739771292,-18.346456692913392,2.788713910761089,2.779189038896533,72.1784776902887,559.4094125161452,819.2662439339217
立柱桩LP1,混凝土-圆形-柱,结构柱,钻孔灌注桩立柱桩,1921.1125940031427,85.02772835881639,-90.5249343832021,1923.9013079139038,87.80691739771292,-18.346456692913392,2.788713910761089,2.779189038896533,72.1784776902887,559.4094125161452,819.2662439339217
砼围檩WL1,混凝土-矩形梁,结构框架,圈梁（围檩）混凝土,1935.9583940357165,77.55905518983843,-8.202099737532826,1939.8954019097323,114.8954708206594,-4.921259842519703,3.9370078740157624,37.336415630820966,3.2808398950131235,482.26299975743876,564.8105135290161
砼围檩WL1,混凝土-矩形梁,结构框架,圈梁（围檩）混凝土,1935.9583940357165,77.55905518983843,-8.202099737532826,1939.8954019097323,114.8954708206594,-4.921259842519703,3.9370078740157624,37.336415630820966,3.2808398950131235,482.26299975743876,564.8105135290161
砼围檩WL1,混凝土-矩形梁,结构框架,圈梁（围檩）混凝土,1935.9583940357165,77.55905518983843,-8.202099737532826,1939.8954019097323,114.8954708206594,-4.921259842519703,3.9370078740157624,37.336415630820966,3.2808398950131235,482.26299975743876,564.8105135290161
砼围檩WL1,混凝土-矩形梁,结构框架,圈梁（围檩）混凝土,1935.9583940357165,77.55905518983843,-8.202099737532826,1939.8954019097323,114.8954708206594,-4.921259842519703,3.9370078740157624,37.336415630820966,3.2808398950131235,482.26299975743876,564.8105135290161
砼围檩WL1,混凝土-矩形梁,结构框架,圈梁（围檩）混凝土,1935.9583940357165,77.55905518983843,-8.202099737532826,1939.8954019097323,114.8954708206594,-4.921259842519703,3.9370078740157624,37.336415630820966,3.2808398950131235,482.26299975743876,564.8105135290161
砼围檩WL1,混凝土-矩形梁,结构框架,圈梁（围檩）混凝土,1935.9583940357165,77.55905518983843,-8.202099737532826,1939.8954019097323,114.8954708206594,-4.921259842519703,3.9370078740157624,37.336415630820966,3.2808398950131235,482.26299975743876,564.8105135290161
砼围檩WL1,混凝土-矩形梁,结构框架,圈梁（围檩）混凝土,1935.9583940357165,77.55905518983843,-8.202099737532826,1939.8954019097323,114.8954708206594,-4.921259842519703,3.9370078740157624,37.336415630820966,3.2808398950131235,482.26299975743876,564.8105135290161
砼围檩WL1,混凝土-矩形梁,结构框架,圈梁（围檩）混凝土,1935.9583940357165,77.55905518983843,-8.202099737532826,1939.8954019097323,114.8954708206594,-4.921259842519703,3.9370078740157624,37.336415630820966,3.2808398950131235,482.26299975743876,564.8105135290161
砼围檩WL1,混凝土-矩形梁,结构框架,圈梁（围檩）混凝土,1935.9583940357165,77.55905518983843,-8.202099737532826,1939.8954019097323,114.8954708206594,-4.921259842519703,3.9370078740157624,37.336415630820966,3.2808398950131235,482.26299975743876,564.8105135290161
砼围檩WL1,混凝土-矩形梁,结构框架,圈梁（围檩）混凝土,1935.9583940357165,77.55905518983843,-8.202099737532826,1939.8954019097323,114.8954708206594,-4.921259842519703,3.9370078740157624,37.336415630820966,3.2808398950131235,482.26299975743876,564.8105135290161
砼围檩WL1,砼围檩WL1,结构框架,圈梁（围檩）混凝土,1875.6492119429408,186.74586464622882,-8.202099737532826,1890.7410749132277,189.20585623819784,-4.921259842519703,15.091862970286911,2.4599915919690147,3.2808398950131235,121.80398954742232,189.42136138674334
砼围檩WL2,混凝土-矩形梁,结构框架,圈梁（围檩）混凝土,1886.0796556356752,77.55902835564683,-8.202099737532826,1937.9268979727244,80.83986825066017,-4.921259842519703,51.84724233704924,3.2808398950133437,3.2808398950131235,558.0790718694751,701.9378252566621
砼围檩WL2,混凝土-矩形梁,结构框架,圈梁（围檩）混凝土,1886.0796556356752,77.55902835564683,-8.202099737532826,1937.9268979727244,80.83986825066017,-4.921259842519703,51.84724233704924,3.2808398950133437,3.2808398950131235,558.0790718694751,701.9378252566621
砼围檩WL2,混凝土-矩形梁,结构框架,圈梁（围檩）混凝土,1886.0796556356752,77.55902835564683,-8.202099737532826,1937.9268979727244,80.83986825066017,-4.921259842519703,51.84724233704924,3.2808398950133437,3.2808398950131235,558.0790718694751,701.9378252566621
砼围檩WL2,混凝土-矩形梁,结构框架,圈梁（围檩）混凝土,1886.0796556356752,77.55902835564683,-8.202099737532826,1937.9268979727244,80.83986825066017,-4.921259842519703,51.84724233704924,3.2808398950133437,3.2808398950131235,558.0790718694751,701.9378252566621
砼围檩WL2,混凝土-矩形梁,结构框架,圈梁（围檩）混凝土,1886.0796556356752,77.55902835564683,-8.202099737532826,1937.9268979727244,80.83986825066017,-4.921259842519703,51.84724233704924,3.2808398950133437,3.2808398950131235,558.0790718694751,701.9378252566621
砼围檩WL2,砼围檩WL2,结构框架,圈梁（围檩）混凝土,1884.375265198733,71.32609762788604,-8.202099737532826,1891.0108873594731,77.55902835564696,-4.921259842519703,6.63562216074024,6.232930727760916,3.2808398950131235,135.69348183559424,167.15806994234018
